sample_id,sheet_id,iou,gt_pixels,pred_pixels,logit_max,centroid_distance_mask_px,centroid_distance_source_px,argmax_distance_mask_px,argmax_distance_source_px,class
train_K-35-51-B-a_1_000001,K-35-51-B-a,0.8,4,5,18.5243,0.316,2.91,0.707,6.51,hit
train_K-35-51-B-a_1_000002,K-35-51-B-a,0.5,5,7,35.0068,29.283,269.67,0.447,4.12,hit
train_K-35-51-B-a_1_000003,K-35-51-B-a,0.142857,7,1,1.1113,1.04,9.58,1.04,9.58,hit
train_K-35-51-B-a_1_000004,K-35-51-B-a,0.5,6,3,11.3406,0.373,3.43,0.5,4.6,hit
train_K-35-51-B-a_1_000005,K-35-51-B-a,0.333333,4,4,21.7753,1.031,9.49,0.707,6.51,hit
train_K-35-51-B-a_1_000006,K-35-51-B-a,0.571429,4,7,15.6425,0.226,2.08,0.707,6.51,hit
train_K-35-51-B-a_1_000007,K-35-51-B-a,0.5,4,5,34.2331,0.403,3.71,0.75,6.91,hit
train_K-35-51-B-a_1_000008,K-35-51-B-a,0.428571,7,3,17.3143,0.471,4.34,1.0,9.21,hit
train_K-35-51-B-a_1_000009,K-35-51-B-a,0.666667,6,4,26.9219,0.25,2.3,0.5,4.6,hit
train_K-35-51-B-a_1_000010,K-35-51-B-a,0.375,6,5,14.4887,0.608,5.6,0.5,4.6,hit
train_K-35-51-B-a_1_000011,K-35-51-B-a,0.4,5,2,27.4235,0.5,4.6,0.447,4.12,hit
train_K-35-51-B-a_1_000012,K-35-51-B-a,0.5,6,6,13.6126,0.167,1.53,1.5,13.81,hit
train_K-35-51-B-a_1_000013,K-35-51-B-a,0.285714,6,3,10.7516,0.373,3.43,1.118,10.3,hit
train_K-35-51-B-a_1_000014,K-35-51-B-a,0.0,3,0,-4.2452,,,3.399,31.3,near_miss
train_K-35-51-B-a_1_000015,K-35-51-B-a,0.166667,6,1,11.5707,0.236,2.17,0.236,2.17,hit
train_K-35-51-B-a_1_000016,K-35-51-B-a,0.6,4,4,31.5545,0.559,5.15,0.707,6.51,hit
train_K-35-51-B-a_1_000017,K-35-51-B-a,0.222222,6,5,16.0081,0.3,2.76,1.118,10.3,hit
train_K-35-51-B-a_1_000018,K-35-51-B-a,0.375,4,7,15.8987,1.821,16.77,3.536,32.56,hit
train_K-35-51-B-a_1_000019,K-35-51-B-a,0.333333,2,6,9.997,1.0,9.21,0.5,4.6,hit
train_K-35-51-B-a_1_000020,K-35-51-B-a,0.714286,5,7,16.5172,0.286,2.63,0.894,8.24,hit
train_K-35-51-B-a_1_000021,K-35-51-B-a,0.25,6,4,15.4237,1.581,14.56,1.118,10.3,hit
train_K-35-51-B-a_1_000022,K-35-51-B-a,0.333333,5,3,10.2879,0.471,4.34,0.447,4.12,hit
train_K-35-51-B-a_1_000023,K-35-51-B-a,0.0,4,5,8.1761,94.3,868.41,236.513,2178.05,wrong_object
train_K-35-51-B-a_1_000024,K-35-51-B-a,0.333333,5,7,20.2714,33.231,306.02,0.632,5.82,hit
train_K-35-51-B-a_1_000025,K-35-51-B-a,0.375,4,7,6.3753,34.223,315.16,0.707,6.51,hit
train_K-35-51-B-a_2_000001,K-35-51-B-a,1.0,4,4,28.2474,0.0,0.0,0.707,6.51,hit
train_K-35-51-B-a_2_000002,K-35-51-B-a,0.666667,5,5,28.0938,0.283,2.6,0.447,4.12,hit
train_K-35-51-B-a_2_000003,K-35-51-B-a,0.0,4,0,-13.2109,,,4.301,39.58,near_miss
train_K-35-51-B-a_2_000004,K-35-51-B-a,0.6,10,6,30.7083,1.0,9.2,2.062,18.97,hit
train_K-35-51-B-a_2_000005,K-35-51-B-a,0.285714,7,2,29.3703,0.214,1.97,0.286,2.63,hit
train_K-35-51-B-a_2_000006,K-35-51-B-a,0.2,2,4,13.877,0.25,2.3,1.118,10.29,hit
train_K-35-51-B-a_2_000007,K-35-51-B-a,0.2,4,2,23.202,1.118,10.29,0.707,6.51,hit
train_K-35-51-B-a_2_000008,K-35-51-B-a,0.333333,5,3,15.0875,0.943,8.68,0.447,4.12,hit
train_K-35-51-B-a_2_000009,K-35-51-B-a,0.8,5,4,24.3567,0.25,2.3,0.632,5.82,hit
train_K-35-51-B-a_2_000010,K-35-51-B-a,0.4,5,2,45.1597,0.224,2.06,0.447,4.12,hit
train_K-35-51-B-a_2_000011,K-35-51-B-a,0.428571,6,4,23.8644,1.031,9.49,0.5,4.6,hit
train_K-35-51-B-a_3_000001,K-35-51-B-a,0.571429,5,6,18.5905,0.637,5.87,0.447,4.12,hit
train_K-35-51-B-a_3_000002,K-35-51-B-a,0.0,5,2,3.114,2.693,24.8,1.414,13.03,near_miss
train_K-35-51-B-a_3_000003,K-35-51-B-a,0.0,4,0,-1.3498,,,0.707,6.51,near_miss
train_K-35-51-B-a_3_000004,K-35-51-B-a,0.0,6,0,-4.419,,,2.693,24.8,near_miss
train_K-35-51-B-a_3_000005,K-35-51-B-a,0.4,5,2,3.6596,0.5,4.61,0.894,8.24,hit
train_K-35-51-B-a_3_000006,K-35-51-B-a,0.0,2,2,1.7717,1.581,14.56,1.5,13.82,near_miss
train_K-35-51-B-a_3_000007,K-35-51-B-a,0.166667,6,1,5.6414,0.5,4.61,0.5,4.61,hit
train_K-35-51-B-a_3_000008,K-35-51-B-a,0.4,5,2,15.7685,0.671,6.18,0.632,5.83,hit
train_K-35-51-B-a_3_000009,K-35-51-B-a,0.428571,4,6,16.1439,1.096,10.1,0.25,2.3,hit
train_K-35-51-B-a_3_000010,K-35-51-B-a,0.0,6,0,-11.7432,,,202.078,1861.32,wrong_object
train_K-35-51-B-a_3_000011,K-35-51-B-a,0.0,7,0,-4.4604,,,3.583,33.0,near_miss
train_K-35-51-B-a_3_000012,K-35-51-B-a,0.25,4,1,2.7794,0.707,6.51,0.707,6.51,hit
train_K-35-51-B-a_3_000013,K-35-51-B-a,0.333333,6,2,9.6552,0.373,3.43,0.471,4.34,hit
train_K-35-51-B-a_3_000014,K-35-51-B-a,0.4,10,4,14.3696,0.541,4.98,0.99,9.12,hit
train_K-35-51-B-a_3_000015,K-35-51-B-a,0.555556,7,7,16.771,0.714,6.58,1.229,11.32,hit
train_K-35-51-B-a_3_000016,K-35-51-B-a,0.25,6,4,18.1709,1.581,14.56,1.118,10.3,hit
train_K-35-51-B-a_3_000017,K-35-51-B-a,0.538462,12,8,16.2208,0.425,3.91,1.272,11.72,hit
train_K-35-51-B-a_3_000018,K-35-51-B-a,0.5,6,3,12.2028,0.373,3.43,1.118,10.3,hit
train_K-35-51-B-a_3_000019,K-35-51-B-a,0.5,2,1,2.5686,0.5,4.61,0.5,4.61,hit
train_K-35-51-B-a_3_000020,K-35-51-B-a,0.0,6,2,4.8163,1.803,16.61,1.5,13.82,near_miss
train_K-35-51-B-a_3_000021,K-35-51-B-a,0.0,4,0,-0.3262,,,2.55,23.48,near_miss
train_K-35-51-B-a_3_000022,K-35-51-B-a,0.285714,6,3,23.0111,0.85,7.83,0.236,2.17,hit
train_K-35-51-B-a_3_000023,K-35-51-B-a,0.2,9,3,13.0426,0.745,6.87,1.0,9.21,hit
train_K-35-51-B-a_3_000024,K-35-51-B-a,0.4,8,6,22.477,0.373,3.43,0.707,6.51,hit
train_K-35-51-B-a_3_000025,K-35-51-B-a,0.444444,4,9,17.5711,0.835,7.69,0.707,6.51,hit
train_K-35-51-B-a_3_000026,K-35-51-B-a,0.166667,4,3,10.1258,0.527,4.85,0.707,6.51,hit
train_K-35-51-B-a_3_000027,K-35-51-B-a,0.25,4,1,5.1711,0.707,6.51,0.707,6.51,hit
train_K-35-51-B-a_3_000028,K-35-51-B-a,0.4,5,2,12.3961,0.806,7.43,0.447,4.12,hit
train_K-35-51-B-a_3_000029,K-35-51-B-a,0.466667,11,11,26.4187,0.582,5.36,1.095,10.08,hit
train_K-35-51-B-a_3_000030,K-35-51-B-a,0.0,6,0,-5.7074,,,2.062,18.99,near_miss
train_K-35-51-B-a_3_000031,K-35-51-B-a,0.5,6,6,20.8642,0.527,4.85,0.5,4.61,hit
train_K-35-51-B-a_3_000032,K-35-51-B-a,0.142857,7,1,5.4671,0.714,6.58,0.714,6.58,hit
train_K-35-51-B-a_3_000033,K-35-51-B-a,0.75,4,3,49.6111,0.236,2.17,0.707,6.51,hit
train_K-35-51-B-a_3_000034,K-35-51-B-a,0.333333,4,4,24.1819,1.031,9.49,1.581,14.56,hit
train_K-35-51-B-a_3_000035,K-35-51-B-a,1.0,4,4,12.2748,0.0,0.0,0.707,6.51,hit
train_K-35-51-B-a_3_000036,K-35-51-B-a,0.625,8,5,39.4514,0.285,2.63,0.177,1.63,hit
train_K-35-51-B-a_3_000037,K-35-51-B-a,0.333333,8,4,23.5111,0.637,5.87,0.177,1.63,hit
train_K-35-51-B-a_3_000038,K-35-51-B-a,0.333333,6,2,35.1235,0.0,0.0,0.5,4.61,hit
train_K-35-51-B-a_3_000039,K-35-51-B-a,0.571429,7,4,46.6879,0.544,5.01,1.04,9.58,hit
train_K-35-51-B-a_3_000040,K-35-51-B-a,0.5,4,2,16.0012,0.5,4.61,0.707,6.51,hit
train_K-35-51-B-a_3_000041,K-35-51-B-a,0.428571,7,3,6.8582,0.768,7.07,1.04,9.58,hit
train_K-35-51-B-a_3_000042,K-35-51-B-a,0.454545,11,5,12.5248,0.392,3.62,0.203,1.87,hit
train_K-35-51-B-a_3_000043,K-35-51-B-a,0.333333,6,2,6.4863,0.707,6.51,0.5,4.61,hit
train_K-35-51-B-a_3_000044,K-35-51-B-a,0.75,4,3,9.282,0.236,2.17,0.707,6.51,hit
train_K-35-51-B-a_3_000045,K-35-51-B-a,0.5,6,3,19.0586,0.373,3.43,0.5,4.61,hit
train_K-35-51-B-a_3_000046,K-35-51-B-a,0.444444,5,8,52.1724,1.353,12.46,1.0,9.21,hit
train_K-35-51-B-a_3_000047,K-35-51-B-a,0.5,7,5,27.0958,0.492,4.53,1.04,9.58,hit
train_K-35-51-B-a_3_000048,K-35-51-B-a,0.0,7,3,6.9876,0.439,4.04,3.014,27.76,near_miss
train_K-35-51-B-a_3_000049,K-35-51-B-a,0.625,6,7,30.8553,0.31,2.86,0.85,7.83,hit
train_K-35-51-B-a_3_000050,K-35-51-B-a,0.25,4,6,9.5162,34.329,316.2,0.707,6.51,hit
train_K-35-51-B-a_3_000051,K-35-51-B-a,0.333333,6,2,16.3776,0.707,6.51,1.118,10.3,hit
train_K-35-51-B-a_3_000052,K-35-51-B-a,0.285714,6,3,11.8683,0.972,8.95,3.375,31.08,hit
train_K-35-51-B-a_3_000053,K-35-51-B-a,0.5,4,2,16.528,0.5,4.61,0.707,6.51,hit
train_K-35-51-B-a_3_000054,K-35-51-B-a,0.111111,6,4,4.313,1.677,15.45,3.041,28.01,hit
train_K-35-51-B-a_3_000055,K-35-51-B-a,0.4,2,5,13.9252,1.063,9.79,0.5,4.61,hit
train_K-35-51-B-a_3_000056,K-35-51-B-a,0.083333,6,7,36.0446,1.5,13.82,0.5,4.61,hit
train_K-35-51-B-a_4_000001,K-35-51-B-a,0.0,2,0,-2.7686,,,1.118,10.29,near_miss
train_K-35-51-B-a_4_000002,K-35-51-B-a,0.4,5,2,4.7803,0.5,4.6,0.894,8.23,hit
train_K-35-51-B-a_4_000003,K-35-51-B-a,0.666667,5,5,47.1927,0.447,4.12,0.447,4.12,hit
train_K-35-51-B-a_4_000004,K-35-51-B-a,0.5,5,4,26.0631,0.403,3.71,0.632,5.82,hit
train_K-35-51-B-a_4_000005,K-35-51-B-a,0.166667,5,2,13.3746,0.922,8.49,0.632,5.82,hit
train_K-35-51-B-a_4_000006,K-35-51-B-a,0.428571,6,4,13.2234,0.354,3.25,0.5,4.6,hit
train_K-35-51-B-a_4_000007,K-35-51-B-a,0.571429,4,7,42.8694,0.544,5.01,0.707,6.51,hit
train_K-35-51-B-a_4_000008,K-35-51-B-a,0.166667,6,1,0.7025,0.236,2.17,0.236,2.17,hit
train_K-35-51-B-a_4_000009,K-35-51-B-a,0.5,5,4,8.9776,0.461,4.24,0.894,8.23,hit
train_K-35-51-B-a_4_000010,K-35-51-B-a,0.0,7,2,3.7754,2.011,18.52,2.124,19.55,near_miss
train_K-35-51-B-a_4_000011,K-35-51-B-a,0.4,4,3,5.2388,0.85,7.82,0.707,6.51,hit
train_K-35-51-B-a_4_000012,K-35-51-B-a,0.125,7,2,4.7932,1.803,16.59,1.0,9.21,hit
train_K-35-51-B-a_4_000013,K-35-51-B-a,0.285714,6,3,11.89,0.687,6.33,1.118,10.29,hit
train_K-35-51-B-a_4_000014,K-35-51-B-a,0.428571,6,4,3.214,0.589,5.42,1.179,10.85,hit
train_K-35-51-B-a_4_000015,K-35-51-B-a,0.5,6,3,46.2552,0.373,3.43,0.5,4.6,hit
train_K-35-51-B-a_4_000016,K-35-51-B-a,0.0,5,1,5.5661,1.342,12.35,1.342,12.35,near_miss
train_K-35-51-B-a_4_000017,K-35-51-B-a,0.166667,6,1,8.2953,1.118,10.29,1.118,10.29,hit
train_K-35-51-B-a_4_000018,K-35-51-B-a,0.0,2,0,-0.4225,,,2.062,18.98,near_miss
train_K-35-51-B-a_4_000019,K-35-51-B-a,0.714286,5,7,30.185,0.326,3.0,0.894,8.23,hit
train_K-35-51-B-a_4_000020,K-35-51-B-a,0.6,8,8,31.1514,0.125,1.15,0.884,8.14,hit
train_K-35-51-B-a_4_000021,K-35-51-B-a,0.181818,6,7,48.3193,1.836,16.9,2.911,26.79,hit
train_K-35-51-B-a_4_000022,K-35-51-B-a,0.0,7,2,24.6599,2.34,21.54,2.495,22.97,near_miss
train_K-35-51-B-a_4_000023,K-35-51-B-a,0.0,7,2,8.5332,1.693,15.59,2.124,19.55,near_miss
train_K-35-51-B-a_4_000024,K-35-51-B-a,0.333333,6,2,33.1784,0.687,6.33,0.236,2.17,hit
train_K-35-51-B-a_4_000025,K-35-51-B-a,0.333333,4,4,14.6759,0.791,7.28,0.707,6.51,hit
train_K-35-51-B-a_4_000026,K-35-51-B-a,0.3,9,4,17.3426,0.791,7.28,1.0,9.21,hit
train_K-35-51-B-a_4_000027,K-35-51-B-a,0.428571,4,6,62.2535,34.731,319.7,0.707,6.51,hit
train_K-35-51-B-a_4_000028,K-35-51-B-a,0.166667,6,1,13.3302,0.236,2.17,0.236,2.17,hit
