sheet_id,source,width,height,megapixels,crs,windows_planned,windows_swept,windows_dropped_transparent,raw_candidates,merged_candidates,candidates_at_0_05,per_window_at_0_05,per_megapixel_at_0_05,candidates_at_0_10,per_window_at_0_10,per_megapixel_at_0_10,candidates_at_0_25,per_window_at_0_25,per_megapixel_at_0_25,score_median,score_p90,score_max,weights
K-34-10-A-g,/mnt/c/Users/lubom/ai_archaeo_topia/data_lake/raw/mound_test_20260915/01_maps_test/K-34-10-A-g_clipped.tif,4971,4618,22.956,EPSG:25835,156,156,0,45,32,32,0.2051,1.394,19,0.1218,0.8277,11,0.0705,0.4792,0.1162,0.742,0.878,artifacts/detection/v0_5_yolo26s_gtfix/foldC/weights/last.pt
K-34-36-V-b,/mnt/c/Users/lubom/ai_archaeo_topia/data_lake/raw/mound_test_20260915/01_maps_test/K-34-36-V-b_clipped.tif,4916,4506,22.151,EPSG:25835,156,156,0,140,87,87,0.5577,3.9275,70,0.4487,3.1601,41,0.2628,1.8509,0.207,0.8381,0.8849,artifacts/detection/v0_5_yolo26s_gtfix/foldC/weights/last.pt
K-34-60-V-b,/mnt/c/Users/lubom/ai_archaeo_topia/data_lake/raw/mound_test_20260915/01_maps_test/K-34-60-V-b_clipped.tif,5051,4584,23.154,EPSG:25835,156,156,0,96,54,54,0.3462,2.3322,43,0.2756,1.8571,37,0.2372,1.598,0.8101,0.8621,0.8842,artifacts/detection/v0_5_yolo26s_gtfix/foldC/weights/last.pt
K-34-70-B-v,/mnt/c/Users/lubom/ai_archaeo_topia/data_lake/raw/mound_test_20260915/01_maps_test/K-34-70-B-v_clipped.tif,5075,4598,23.335,EPSG:25835,156,156,0,107,71,71,0.4551,3.0427,39,0.25,1.6713,21,0.1346,0.8999,0.1193,0.6372,0.8907,artifacts/detection/v0_5_yolo26s_gtfix/foldC/weights/last.pt
K-34-83-V-g,/mnt/c/Users/lubom/ai_archaeo_topia/data_lake/raw/mound_test_20260915/01_maps_test/K-34-83-V-g_clipped.tif,5087,4571,23.253,EPSG:25835,156,156,0,57,32,32,0.2051,1.3762,21,0.1346,0.9031,10,0.0641,0.4301,0.127,0.8229,0.8783,artifacts/detection/v0_5_yolo26s_gtfix/foldC/weights/last.pt
K-34-96-B-v,/mnt/c/Users/lubom/ai_archaeo_topia/data_lake/raw/mound_test_20260915/01_maps_test/K-34-96-B-v_clipped.tif,5112,4575,23.387,EPSG:25835,156,156,0,122,66,66,0.4231,2.822,53,0.3397,2.2662,49,0.3141,2.0951,0.8112,0.8554,0.8968,artifacts/detection/v0_5_yolo26s_gtfix/foldC/weights/last.pt
K-35-14-B-v,/mnt/c/Users/lubom/ai_archaeo_topia/data_lake/raw/mound_test_20260915/01_maps_test/K-35-14-B-v_clipped.tif,4904,4515,22.142,EPSG:25835,156,156,0,42,21,21,0.1346,0.9484,17,0.109,0.7678,10,0.0641,0.4516,0.2156,0.8572,0.8651,artifacts/detection/v0_5_yolo26s_gtfix/foldC/weights/last.pt
K-35-21-G-a,/mnt/c/Users/lubom/ai_archaeo_topia/data_lake/raw/mound_test_20260915/01_maps_test/K-35-21-G-a_clipped.tif,4864,4463,21.708,EPSG:25835,156,156,0,173,83,83,0.5321,3.8235,80,0.5128,3.6853,78,0.5,3.5931,0.8382,0.8704,0.8984,artifacts/detection/v0_5_yolo26s_gtfix/foldC/weights/last.pt
K-35-28-A-g,/mnt/c/Users/lubom/ai_archaeo_topia/data_lake/raw/mound_test_20260915/01_maps_test/K-35-28-A-g_clipped.tif,4776,4365,20.847,EPSG:25835,156,156,0,80,49,49,0.3141,2.3504,41,0.2628,1.9667,30,0.1923,1.439,0.6493,0.8695,0.8926,artifacts/detection/v0_5_yolo26s_gtfix/foldC/weights/last.pt
K-35-31-V-g,/mnt/c/Users/lubom/ai_archaeo_topia/data_lake/raw/mound_test_20260915/01_maps_test/K-35-31-V-g_clipped.tif,4805,4369,20.993,EPSG:25835,156,156,0,60,36,36,0.2308,1.7149,29,0.1859,1.3814,23,0.1474,1.0956,0.7607,0.8702,0.8816,artifacts/detection/v0_5_yolo26s_gtfix/foldC/weights/last.pt
K-35-42-A-g,/mnt/c/Users/lubom/ai_archaeo_topia/data_lake/raw/mound_test_20260915/01_maps_test/K-35-42-A-g_clipped.tif,4831,4383,21.174,EPSG:25835,156,156,0,44,21,21,0.1346,0.9918,16,0.1026,0.7556,13,0.0833,0.614,0.4802,0.8102,0.8446,artifacts/detection/v0_5_yolo26s_gtfix/foldC/weights/last.pt
K-35-5-G-b,/mnt/c/Users/lubom/ai_archaeo_topia/data_lake/raw/mound_test_20260915/01_maps_test/K-35-5-G-b_clipped.tif,4791,4415,21.152,EPSG:25835,156,156,0,17,9,9,0.0577,0.4255,7,0.0449,0.3309,6,0.0385,0.2837,0.7713,0.8741,0.884,artifacts/detection/v0_5_yolo26s_gtfix/foldC/weights/last.pt
K-35-50-B-b,/mnt/c/Users/lubom/ai_archaeo_topia/data_lake/raw/mound_test_20260915/01_maps_test/K-35-50-B-b_clipped.tif,4942,4484,22.16,EPSG:25835,156,156,0,155,79,79,0.5064,3.565,72,0.4615,3.2491,68,0.4359,3.0686,0.8383,0.8685,0.8944,artifacts/detection/v0_5_yolo26s_gtfix/foldC/weights/last.pt
K-35-51-B-g,/mnt/c/Users/lubom/ai_archaeo_topia/data_lake/raw/mound_test_20260915/01_maps_test/K-35-51-B-g_clipped.tif,4935,4466,22.04,EPSG:25835,156,156,0,60,26,26,0.1667,1.1797,23,0.1474,1.0436,19,0.1218,0.8621,0.8391,0.8679,0.8832,artifacts/detection/v0_5_yolo26s_gtfix/foldC/weights/last.pt
K-35-53-A-g,/mnt/c/Users/lubom/ai_archaeo_topia/data_lake/raw/mound_test_20260915/01_maps_test/K-35-53-A-g_clipped.tif,4887,4415,21.576,EPSG:25835,156,156,0,79,42,42,0.2692,1.9466,37,0.2372,1.7149,34,0.2179,1.5758,0.8524,0.8697,0.8939,artifacts/detection/v0_5_yolo26s_gtfix/foldC/weights/last.pt
K-35-63-B-g,/mnt/c/Users/lubom/ai_archaeo_topia/data_lake/raw/mound_test_20260915/01_maps_test/K-35-63-B-g_clipped.tif,4965,4471,22.199,EPSG:25835,156,156,0,108,58,58,0.3718,2.6128,46,0.2949,2.0722,43,0.2756,1.9371,0.848,0.8747,0.8944,artifacts/detection/v0_5_yolo26s_gtfix/foldC/weights/last.pt
K-35-67-B-v,/mnt/c/Users/lubom/ai_archaeo_topia/data_lake/raw/mound_test_20260915/01_maps_test/K-35-67-B-v_clipped.tif,4865,4366,21.241,EPSG:25835,156,156,0,99,58,58,0.3718,2.7306,51,0.3269,2.4011,44,0.2821,2.0715,0.8195,0.8582,0.8967,artifacts/detection/v0_5_yolo26s_gtfix/foldC/weights/last.pt
K-35-75-B-a,/mnt/c/Users/lubom/ai_archaeo_topia/data_lake/raw/mound_test_20260915/01_maps_test/K-35-75-B-a_clipped.tif,4969,4458,22.152,EPSG:25835,156,156,0,61,37,37,0.2372,1.6703,30,0.1923,1.3543,23,0.1474,1.0383,0.6022,0.8567,0.8799,artifacts/detection/v0_5_yolo26s_gtfix/foldC/weights/last.pt
K-35-88-G-g,/mnt/c/Users/lubom/ai_archaeo_topia/data_lake/raw/mound_test_20260915/01_maps_test/K-35-88-G-g_clipped.tif,4965,4408,21.886,EPSG:25835,156,156,0,19,12,12,0.0769,0.5483,8,0.0513,0.3655,4,0.0256,0.1828,0.1347,0.749,0.8446,artifacts/detection/v0_5_yolo26s_gtfix/foldC/weights/last.pt
K-34-22-V-b,/mnt/c/Users/lubom/ai_archaeo_topia/data_lake/raw/mound_test_20260915/02_maps_test/K-34-22-V-b_clipped.tif,5020,4635,23.268,EPSG:25835,156,156,0,53,35,35,0.2244,1.5042,16,0.1026,0.6876,5,0.0321,0.2149,0.0978,0.4568,0.7454,artifacts/detection/v0_5_yolo26s_gtfix/foldC/weights/last.pt
K-34-23-A-g,/mnt/c/Users/lubom/ai_archaeo_topia/data_lake/raw/mound_test_20260915/02_maps_test/K-34-23-A-g_clipped.tif,4923,4547,22.385,EPSG:25835,156,156,0,28,22,22,0.141,0.9828,14,0.0897,0.6254,6,0.0385,0.268,0.1246,0.3796,0.4707,artifacts/detection/v0_5_yolo26s_gtfix/foldC/weights/last.pt
K-34-24-G-a,/mnt/c/Users/lubom/ai_archaeo_topia/data_lake/raw/mound_test_20260915/02_maps_test/K-34-24-G-a_clipped.tif,4873,4488,21.87,EPSG:25835,156,156,0,38,22,22,0.141,1.0059,16,0.1026,0.7316,13,0.0833,0.5944,0.3647,0.8462,0.8845,artifacts/detection/v0_5_yolo26s_gtfix/foldC/weights/last.pt
K-34-35-A-v,/mnt/c/Users/lubom/ai_archaeo_topia/data_lake/raw/mound_test_20260915/02_maps_test/K-34-35-A-v_clipped.tif,4994,4590,22.922,EPSG:25835,156,156,0,27,18,18,0.1154,0.7853,11,0.0705,0.4799,7,0.0449,0.3054,0.1457,0.7991,0.832,artifacts/detection/v0_5_yolo26s_gtfix/foldC/weights/last.pt
K-34-47-A-a,/mnt/c/Users/lubom/ai_archaeo_topia/data_lake/raw/mound_test_20260915/02_maps_test/K-34-47-A-a_clipped.tif,5023,4599,23.101,EPSG:25835,156,156,0,54,37,37,0.2372,1.6017,18,0.1154,0.7792,9,0.0577,0.3896,0.0959,0.5144,0.9013,artifacts/detection/v0_5_yolo26s_gtfix/foldC/weights/last.pt
K-34-47-G-g,/mnt/c/Users/lubom/ai_archaeo_topia/data_lake/raw/mound_test_20260915/02_maps_test/K-34-47-G-g_clipped.tif,5035,4588,23.101,EPSG:25835,156,156,0,139,72,72,0.4615,3.1168,53,0.3397,2.2943,42,0.2692,1.8181,0.39,0.8666,0.9109,artifacts/detection/v0_5_yolo26s_gtfix/foldC/weights/last.pt
K-34-47-G-v,/mnt/c/Users/lubom/ai_archaeo_topia/data_lake/raw/mound_test_20260915/02_maps_test/K-34-47-G-v_clipped.tif,5035,4589,23.106,EPSG:25835,156,156,0,3398,1651,1651,10.5833,71.4545,1028,6.5897,44.4913,418,2.6795,18.0908,0.1329,0.4466,0.8866,artifacts/detection/v0_5_yolo26s_gtfix/foldC/weights/last.pt
K-34-48-G-b,/mnt/c/Users/lubom/ai_archaeo_topia/data_lake/raw/mound_test_20260915/02_maps_test/K-34-48-G-b_clipped.tif,4984,4543,22.642,EPSG:25835,156,156,0,16,12,12,0.0769,0.53,7,0.0449,0.3092,2,0.0128,0.0883,0.1198,0.3467,0.3944,artifacts/detection/v0_5_yolo26s_gtfix/foldC/weights/last.pt
K-34-58-B-a,/mnt/c/Users/lubom/ai_archaeo_topia/data_lake/raw/mound_test_20260915/02_maps_test/K-34-58-B-a_clipped.tif,5058,4610,23.317,EPSG:25835,156,156,0,77,52,52,0.3333,2.2301,34,0.2179,1.4581,24,0.1538,1.0293,0.2089,0.8197,0.8817,artifacts/detection/v0_5_yolo26s_gtfix/foldC/weights/last.pt
K-34-84-A-a,/mnt/c/Users/lubom/ai_archaeo_topia/data_lake/raw/mound_test_20260915/02_maps_test/K-34-84-A-a_clipped.tif,5075,4573,23.208,EPSG:25835,156,156,0,74,52,52,0.3333,2.2406,36,0.2308,1.5512,23,0.1474,0.991,0.198,0.8374,0.8602,artifacts/detection/v0_5_yolo26s_gtfix/foldC/weights/last.pt
K-35-13-G-v,/mnt/c/Users/lubom/ai_archaeo_topia/data_lake/raw/mound_test_20260915/02_maps_test/K-35-13-G-v_clipped.tif,4900,4503,22.065,EPSG:25835,156,156,0,58,30,30,0.1923,1.3596,26,0.1667,1.1784,23,0.1474,1.0424,0.7847,0.8729,0.8836,artifacts/detection/v0_5_yolo26s_gtfix/foldC/weights/last.pt
K-35-16-A-a,/mnt/c/Users/lubom/ai_archaeo_topia/data_lake/raw/mound_test_20260915/02_maps_test/K-35-16-A-a_clipped.tif,4843,4457,21.585,EPSG:25835,156,156,0,43,22,22,0.141,1.0192,20,0.1282,0.9266,12,0.0769,0.5559,0.6598,0.8734,0.8911,artifacts/detection/v0_5_yolo26s_gtfix/foldC/weights/last.pt
K-35-16-B-a,/mnt/c/Users/lubom/ai_archaeo_topia/data_lake/raw/mound_test_20260915/02_maps_test/K-35-16-B-a_clipped.tif,4841,4454,21.562,EPSG:25835,156,156,0,31,15,15,0.0962,0.6957,10,0.0641,0.4638,8,0.0513,0.371,0.2727,0.8536,0.8622,artifacts/detection/v0_5_yolo26s_gtfix/foldC/weights/last.pt
K-35-18-A-b,/mnt/c/Users/lubom/ai_archaeo_topia/data_lake/raw/mound_test_20260915/02_maps_test/K-35-18-A-b_clipped.tif,4797,4406,21.136,EPSG:25835,156,156,0,22,12,12,0.0769,0.5678,10,0.0641,0.4731,9,0.0577,0.4258,0.8211,0.8684,0.8789,artifacts/detection/v0_5_yolo26s_gtfix/foldC/weights/last.pt
K-35-19-V-a,/mnt/c/Users/lubom/ai_archaeo_topia/data_lake/raw/mound_test_20260915/02_maps_test/K-35-19-V-a_clipped.tif,4753,4351,20.68,EPSG:25835,143,143,0,100,44,44,0.3077,2.1276,40,0.2797,1.9342,39,0.2727,1.8859,0.8451,0.8672,0.899,artifacts/detection/v0_5_yolo26s_gtfix/foldC/weights/last.pt
K-35-20-B-g,/mnt/c/Users/lubom/ai_archaeo_topia/data_lake/raw/mound_test_20260915/02_maps_test/K-35-20-B-g_clipped.tif,4841,4446,21.523,EPSG:25835,156,156,0,207,113,113,0.7244,5.2502,109,0.6987,5.0643,108,0.6923,5.0179,0.847,0.8728,0.8981,artifacts/detection/v0_5_yolo26s_gtfix/foldC/weights/last.pt
K-35-27-B-b,/mnt/c/Users/lubom/ai_archaeo_topia/data_lake/raw/mound_test_20260915/02_maps_test/K-35-27-B-b_clipped.tif,4781,4378,20.931,EPSG:25835,156,156,0,165,84,84,0.5385,4.0131,78,0.5,3.7265,75,0.4808,3.5832,0.8435,0.877,0.8834,artifacts/detection/v0_5_yolo26s_gtfix/foldC/weights/last.pt
K-35-29-G-b,/mnt/c/Users/lubom/ai_archaeo_topia/data_lake/raw/mound_test_20260915/02_maps_test/K-35-29-G-b_clipped.tif,4799,4373,20.986,EPSG:25835,156,156,0,43,23,23,0.1474,1.096,20,0.1282,0.953,15,0.0962,0.7148,0.7286,0.8696,0.8781,artifacts/detection/v0_5_yolo26s_gtfix/foldC/weights/last.pt
K-35-32-A-a,/mnt/c/Users/lubom/ai_archaeo_topia/data_lake/raw/mound_test_20260915/02_maps_test/K-35-32-A-a_clipped.tif,4737,4328,20.502,EPSG:25835,143,143,0,94,61,61,0.4266,2.9754,55,0.3846,2.6827,51,0.3566,2.4876,0.8325,0.8707,0.8775,artifacts/detection/v0_5_yolo26s_gtfix/foldC/weights/last.pt
K-35-38-A-a,/mnt/c/Users/lubom/ai_archaeo_topia/data_lake/raw/mound_test_20260915/02_maps_test/K-35-38-A-a_clipped.tif,4935,4504,22.227,EPSG:25835,156,156,0,168,89,89,0.5705,4.0041,81,0.5192,3.6442,75,0.4808,3.3742,0.831,0.862,0.8827,artifacts/detection/v0_5_yolo26s_gtfix/foldC/weights/last.pt
K-35-39-A-g,/mnt/c/Users/lubom/ai_archaeo_topia/data_lake/raw/mound_test_20260915/02_maps_test/K-35-39-A-g_clipped.tif,4918,4476,22.013,EPSG:25835,156,156,0,36,23,23,0.1474,1.0448,13,0.0833,0.5906,6,0.0385,0.2726,0.1309,0.6696,0.8696,artifacts/detection/v0_5_yolo26s_gtfix/foldC/weights/last.pt
K-35-40-B-v,/mnt/c/Users/lubom/ai_archaeo_topia/data_lake/raw/mound_test_20260915/02_maps_test/K-35-40-B-v_clipped.tif,4817,4379,21.094,EPSG:25835,156,156,0,28,19,19,0.1218,0.9007,13,0.0833,0.6163,6,0.0385,0.2844,0.1516,0.8341,0.8702,artifacts/detection/v0_5_yolo26s_gtfix/foldC/weights/last.pt
K-35-41-G-a,/mnt/c/Users/lubom/ai_archaeo_topia/data_lake/raw/mound_test_20260915/02_maps_test/K-35-41-G-a_clipped.tif,4846,4394,21.293,EPSG:25835,156,156,0,11,7,7,0.0449,0.3287,5,0.0321,0.2348,1,0.0064,0.047,0.1429,0.4249,0.7581,artifacts/detection/v0_5_yolo26s_gtfix/foldC/weights/last.pt
K-35-43-V-g,/mnt/c/Users/lubom/ai_archaeo_topia/data_lake/raw/mound_test_20260915/02_maps_test/K-35-43-V-g_clipped.tif,4793,4334,20.773,EPSG:25835,143,143,0,66,40,40,0.2797,1.9256,33,0.2308,1.5886,27,0.1888,1.2998,0.8152,0.87,0.8958,artifacts/detection/v0_5_yolo26s_gtfix/foldC/weights/last.pt
K-35-44-B-a,/mnt/c/Users/lubom/ai_archaeo_topia/data_lake/raw/mound_test_20260915/02_maps_test/K-35-44-B-a_clipped.tif,4776,4343,20.742,EPSG:25835,143,143,0,51,28,28,0.1958,1.3499,19,0.1329,0.916,10,0.0699,0.4821,0.1237,0.849,0.8579,artifacts/detection/v0_5_yolo26s_gtfix/foldC/weights/last.pt
K-35-49-V-g,/mnt/c/Users/lubom/ai_archaeo_topia/data_lake/raw/mound_test_20260915/02_maps_test/K-35-49-V-g_clipped.tif,5022,4546,22.83,EPSG:25835,156,156,0,127,63,63,0.4038,2.7595,56,0.359,2.4529,55,0.3526,2.4091,0.8374,0.868,0.9049,artifacts/detection/v0_5_yolo26s_gtfix/foldC/weights/last.pt
K-35-50-V-b,/mnt/c/Users/lubom/ai_archaeo_topia/data_lake/raw/mound_test_20260915/02_maps_test/K-35-50-V-b_clipped.tif,4988,4516,22.526,EPSG:25835,156,156,0,111,57,57,0.3654,2.5304,54,0.3462,2.3973,50,0.3205,2.2197,0.8431,0.8649,0.8843,artifacts/detection/v0_5_yolo26s_gtfix/foldC/weights/last.pt
K-35-51-A-b,/mnt/c/Users/lubom/ai_archaeo_topia/data_lake/raw/mound_test_20260915/02_maps_test/K-35-51-A-b_clipped.tif,4946,4483,22.173,EPSG:25835,156,156,0,212,118,118,0.7564,5.3218,102,0.6538,4.6002,100,0.641,4.51,0.8343,0.8667,0.8947,artifacts/detection/v0_5_yolo26s_gtfix/foldC/weights/last.pt
K-35-52-G-v,/mnt/c/Users/lubom/ai_archaeo_topia/data_lake/raw/mound_test_20260915/02_maps_test/K-35-52-G-v_clipped.tif,4923,4438,21.848,EPSG:25835,156,156,0,121,70,70,0.4487,3.2039,68,0.4359,3.1124,61,0.391,2.792,0.8434,0.8666,0.8842,artifacts/detection/v0_5_yolo26s_gtfix/foldC/weights/last.pt
K-35-55-A-g,/mnt/c/Users/lubom/ai_archaeo_topia/data_lake/raw/mound_test_20260915/02_maps_test/K-35-55-A-g_clipped.tif,4815,4343,20.912,EPSG:25835,143,143,0,100,50,50,0.3497,2.391,45,0.3147,2.1519,44,0.3077,2.1041,0.8367,0.8703,0.9091,artifacts/detection/v0_5_yolo26s_gtfix/foldC/weights/last.pt
K-35-62-G-v,/mnt/c/Users/lubom/ai_archaeo_topia/data_lake/raw/mound_test_20260915/02_maps_test/K-35-62-G-v_clipped.tif,4989,4487,22.386,EPSG:25835,156,156,0,37,26,26,0.1667,1.1615,16,0.1026,0.7147,15,0.0962,0.6701,0.3355,0.8354,0.868,artifacts/detection/v0_5_yolo26s_gtfix/foldC/weights/last.pt
K-35-66-A-a,/mnt/c/Users/lubom/ai_archaeo_topia/data_lake/raw/mound_test_20260915/02_maps_test/K-35-66-A-a_clipped.tif,4865,4373,21.275,EPSG:25835,156,156,0,141,70,70,0.4487,3.2903,58,0.3718,2.7262,51,0.3269,2.3972,0.825,0.8779,0.8923,artifacts/detection/v0_5_yolo26s_gtfix/foldC/weights/last.pt
K-35-73-A-v,/mnt/c/Users/lubom/ai_archaeo_topia/data_lake/raw/mound_test_20260915/02_maps_test/K-35-73-A-v_clipped.tif,5048,4537,22.903,EPSG:25835,156,156,0,8,7,7,0.0449,0.3056,6,0.0385,0.262,4,0.0256,0.1747,0.3136,0.3454,0.3511,artifacts/detection/v0_5_yolo26s_gtfix/foldC/weights/last.pt
K-35-77-A-g,/mnt/c/Users/lubom/ai_archaeo_topia/data_lake/raw/mound_test_20260915/02_maps_test/K-35-77-A-g_clipped.tif,4960,4433,21.988,EPSG:25835,156,156,0,122,62,62,0.3974,2.8198,56,0.359,2.5469,53,0.3397,2.4104,0.8453,0.8651,0.8835,artifacts/detection/v0_5_yolo26s_gtfix/foldC/weights/last.pt
K-35-8-V-g,/mnt/c/Users/lubom/ai_archaeo_topia/data_lake/raw/mound_test_20260915/02_maps_test/K-35-8-V-g_clipped.tif,4793,4411,21.142,EPSG:25835,156,156,0,93,46,46,0.2949,2.1758,42,0.2692,1.9866,40,0.2564,1.892,0.8481,0.877,0.8909,artifacts/detection/v0_5_yolo26s_gtfix/foldC/weights/last.pt
K-35-86-A-b,/mnt/c/Users/lubom/ai_archaeo_topia/data_lake/raw/mound_test_20260915/02_maps_test/K-35-86-A-b_clipped.tif,5031,4497,22.624,EPSG:25835,156,156,0,58,37,37,0.2372,1.6354,19,0.1218,0.8398,4,0.0256,0.1768,0.1045,0.2497,0.6418,artifacts/detection/v0_5_yolo26s_gtfix/foldC/weights/last.pt
K-35-87-G-a,/mnt/c/Users/lubom/ai_archaeo_topia/data_lake/raw/mound_test_20260915/02_maps_test/K-35-87-G-a_clipped.tif,5005,4456,22.302,EPSG:25835,156,156,0,57,38,38,0.2436,1.7039,20,0.1282,0.8968,7,0.0449,0.3139,0.1025,0.3155,0.8237,artifacts/detection/v0_5_yolo26s_gtfix/foldC/weights/last.pt
